"HITId","HITTypeId","Title","Description","Keywords","Reward","CreationTime","MaxAssignments","RequesterAnnotation","AssignmentDurationInSeconds","AutoApprovalDelayInSeconds","Expiration","NumberOfSimilarHITs","LifetimeInSeconds","AssignmentId","WorkerId","AssignmentStatus","AcceptTime","SubmitTime","AutoApprovalTime","ApprovalTime","RejectionTime","RequesterFeedback","WorkTimeInSeconds","LifetimeApprovalRate","Last30DaysApprovalRate","Last7DaysApprovalRate","Answer.FavoriteFoods","Approve","Reject"
"3HFWPF5AK8I7NK0HPIKJFA510H1S31","3EH3OJYIRZXOTIKURVXZ5K01XV6YAO","Answer a survey about how you engage with sports","Tell us about how you engage in sports as a fan","survey, sports, soccer, football, baseball, basketball, hockey, golf","$0.20","Sat Oct 07 14:46:47 PDT 2017","100","BatchId:2963798;OriginalHitTemplateId:920937332;","300","259200","Sat Oct 07 18:46:47 PDT 2017","","","308XBLVESI33CJ2BFO4MW3U18BUBRB","A19E486BK4N9KR","Submitted","Sat Oct 07 14:47:47 PDT 2017","Sat Oct 07 14:48:36 PDT 2017","Tue Oct 10 14:48:36 PDT 2017","","","","49","0% (0/0)","0% (0/0)","0% (0/0)","Yes|1-3|1-3|Other|Internet|VOD/Streaming|No|Somewhat valuable|No|No"
"3HFWPF5AK8I7NK0HPIKJFA510H1S31","3EH3OJYIRZXOTIKURVXZ5K01XV6YAO","Answer a survey about how you engage with sports","Tell us about how you engage in sports as a fan","survey, sports, soccer, football, baseball, basketball, hockey, golf","$0.20","Sat Oct 07 14:46:47 PDT 2017","100","BatchId:2963798;OriginalHitTemplateId:920937332;","300","259200","Sat Oct 07 18:46:47 PDT 2017","","","30OG32W0SUAG4OM3W8PVORVCABIENQ","AENDL556NCWUA","Submitted","Sat Oct 07 14:52:19 PDT 2017","Sat Oct 07 14:53:43 PDT 2017","Tue Oct 10 14:53:43 PDT 2017","","","","84","0% (0/0)","0% (0/0)","0% (0/0)","Yes|4-8|9+|Football|Other|Cable TV|Internet|Mobile|Live TV|VOD/Streaming|Mobile phone|Yes|Somewhat valuable|Yes|No"
"3HFWPF5AK8I7NK0HPIKJFA510H1S31","3EH3OJYIRZXOTIKURVXZ5K01XV6YAO","Answer a survey about how you engage with sports","Tell us about how you engage in sports as a fan","survey, sports, soccer, football, baseball, basketball, hockey, golf","$0.20","Sat Oct 07 14:46:47 PDT 2017","100","BatchId:2963798;OriginalHitTemplateId:920937332;","300","259200","Sat Oct 07 18:46:47 PDT 2017","","","31JLPPHS2UTVCB6I838CKPRK9WYO3P","A1BQI9JKLVCIL0","Submitted","Sat Oct 07 15:15:35 PDT 2017","Sat Oct 07 15:16:17 PDT 2017","Tue Oct 10 15:16:17 PDT 2017","","","","42","0% (0/0)","0% (0/0)","0% (0/0)","Yes|4-8|9+|Baseball|Basketball|Football|Cable TV|Live TV|Yes|Somewhat valuable|No|Yes"
"3HFWPF5AK8I7NK0HPIKJFA510H1S31","3EH3OJYIRZXOTIKURVXZ5K01XV6YAO","Answer a survey about how you engage with sports","Tell us about how you engage in sports as a fan","survey, sports, soccer, football, baseball, basketball, hockey, golf","$0.20","Sat Oct 07 14:46:47 PDT 2017","100","BatchId:2963798;OriginalHitTemplateId:920937332;","300","259200","Sat Oct 07 18:46:47 PDT 2017","","","32Q90QCQ1SKFWI10ZVXFWZE8GGGEKO","A3N5TCHRPQF6P","Submitted","Sat Oct 07 15:55:37 PDT 2017","Sat Oct 07 15:56:39 PDT 2017","Tue Oct 10 15:56:39 PDT 2017","","","","62","0% (0/0)","0% (0/0)","0% (0/0)","Yes|9+|4-8|Baseball|Basketball|Football|Hockey​|Network TV|VOD/Streaming|Somewhat valuable|Yes|Yes"
"3HFWPF5AK8I7NK0HPIKJFA510H1S31","3EH3OJYIRZXOTIKURVXZ5K01XV6YAO","Answer a survey about how you engage with sports","Tell us about how you engage in sports as a fan","survey, sports, soccer, football, baseball, basketball, hockey, golf","$0.20","Sat Oct 07 14:46:47 PDT 2017","100","BatchId:2963798;OriginalHitTemplateId:920937332;","300","259200","Sat Oct 07 18:46:47 PDT 2017","","","337RC3OW0517IZ54FLYQB3F95BOVLE","A1LLVMR50LYIIZ","Submitted","Sat Oct 07 16:14:07 PDT 2017","Sat Oct 07 16:15:37 PDT 2017","Tue Oct 10 16:15:37 PDT 2017","","","","90","0% (0/0)","0% (0/0)","0% (0/0)","No|0|1-3|1-3|Hockey​|Internet|Mobile phone|No|Somewhat valuable|No|No"
"3HFWPF5AK8I7NK0HPIKJFA510H1S31","3EH3OJYIRZXOTIKURVXZ5K01XV6YAO","Answer a survey about how you engage with sports","Tell us about how you engage in sports as a fan","survey, sports, soccer, football, baseball, basketball, hockey, golf","$0.20","Sat Oct 07 14:46:47 PDT 2017","100","BatchId:2963798;OriginalHitTemplateId:920937332;","300","259200","Sat Oct 07 18:46:47 PDT 2017","","","338JKRMM26YL4FJGD5SWNO8P3KDHAR","A15F2JTVAJXITI","Submitted","Sat Oct 07 15:29:14 PDT 2017","Sat Oct 07 15:29:54 PDT 2017","Tue Oct 10 15:29:54 PDT 2017","","","","40","0% (0/0)","0% (0/0)","0% (0/0)","Yes|1-3|4-8|Football|Cable TV|Network TV|Live TV|DVR/TiVo|Yes|Very valuable|No|Yes"
"3HFWPF5AK8I7NK0HPIKJFA510H1S31","3EH3OJYIRZXOTIKURVXZ5K01XV6YAO","Answer a survey about how you engage with sports","Tell us about how you engage in sports as a fan","survey, sports, soccer, football, baseball, basketball, hockey, golf","$0.20","Sat Oct 07 14:46:47 PDT 2017","100","BatchId:2963798;OriginalHitTemplateId:920937332;","300","259200","Sat Oct 07 18:46:47 PDT 2017","","","33FBRBDW6OYG4JFLUFUHG65E0498C6","A2CB7WDJ9V6VVN","Submitted","Sat Oct 07 16:05:57 PDT 2017","Sat Oct 07 16:06:23 PDT 2017","Tue Oct 10 16:06:23 PDT 2017","","","","26","0% (0/0)","0% (0/0)","0% (0/0)","Yes|4-8|4-8|Basketball|Other|Cable TV|Network TV|Live TV|Yes|Very valuable|Yes|No"
"3HFWPF5AK8I7NK0HPIKJFA510H1S31","3EH3OJYIRZXOTIKURVXZ5K01XV6YAO","Answer a survey about how you engage with sports","Tell us about how you engage in sports as a fan","survey, sports, soccer, football, baseball, basketball, hockey, golf","$0.20","Sat Oct 07 14:46:47 PDT 2017","100","BatchId:2963798;OriginalHitTemplateId:920937332;","300","259200","Sat Oct 07 18:46:47 PDT 2017","","","33NF62TLXJ1N7YNSDW86TFR0LOBJKD","A218IVWG2NSFR6","Submitted","Sat Oct 07 15:48:03 PDT 2017","Sat Oct 07 15:49:25 PDT 2017","Tue Oct 10 15:49:25 PDT 2017","","","","82","0% (0/0)","0% (0/0)","0% (0/0)","Yes|1-3|4-8|Car Racing|Other|Cable TV|Live TV|Yes|Very valuable|Yes|No"
"3HFWPF5AK8I7NK0HPIKJFA510H1S31","3EH3OJYIRZXOTIKURVXZ5K01XV6YAO","Answer a survey about how you engage with sports","Tell us about how you engage in sports as a fan","survey, sports, soccer, football, baseball, basketball, hockey, golf","$0.20","Sat Oct 07 14:46:47 PDT 2017","100","BatchId:2963798;OriginalHitTemplateId:920937332;","300","259200","Sat Oct 07 18:46:47 PDT 2017","","","33PPO7FECVEJYHXC3X1JD1HAO0PDII","AHA28L276D6OX","Submitted","Sat Oct 07 15:33:55 PDT 2017","Sat Oct 07 15:35:05 PDT 2017","Tue Oct 10 15:35:05 PDT 2017","","","","70","0% (0/0)","0% (0/0)","0% (0/0)","Yes|4-8|9+|Car Racing|Football|Golf|Other|Cable TV|Network TV|Internet|Mobile|Live TV|VOD/Streaming|Mobile phone|Yes|Very valuable|Yes|Yes"
"3HFWPF5AK8I7NK0HPIKJFA510H1S31","3EH3OJYIRZXOTIKURVXZ5K01XV6YAO","Answer a survey about how you engage with sports","Tell us about how you engage in sports as a fan","survey, sports, soccer, football, baseball, basketball, hockey, golf","$0.20","Sat Oct 07 14:46:47 PDT 2017","100","BatchId:2963798;OriginalHitTemplateId:920937332;","300","259200","Sat Oct 07 18:46:47 PDT 2017","","","34BBWHLWHAAI7NX3KS695P6VVGVWIA","A2ZBKJCZPT4Z0V","Submitted","Sat Oct 07 15:50:53 PDT 2017","Sat Oct 07 15:52:05 PDT 2017","Tue Oct 10 15:52:05 PDT 2017","","","","72","0% (0/0)","0% (0/0)","0% (0/0)","Yes|1-3|4-8|Football|Other|Cable TV|Network TV|Live TV|DVR/TiVo|Yes|Somewhat valuable|Yes|Yes"
"3HFWPF5AK8I7NK0HPIKJFA510H1S31","3EH3OJYIRZXOTIKURVXZ5K01XV6YAO","Answer a survey about how you engage with sports","Tell us about how you engage in sports as a fan","survey, sports, soccer, football, baseball, basketball, hockey, golf","$0.20","Sat Oct 07 14:46:47 PDT 2017","100","BatchId:2963798;OriginalHitTemplateId:920937332;","300","259200","Sat Oct 07 18:46:47 PDT 2017","","","34T446B1C0DYMUAIZBH2NRZWH6UC0K","AYFD78FXIRIZS","Submitted","Sat Oct 07 14:49:31 PDT 2017","Sat Oct 07 14:50:39 PDT 2017","Tue Oct 10 14:50:39 PDT 2017","","","","68","0% (0/0)","0% (0/0)","0% (0/0)","Yes|1-3|1-3|Soccer|Other|Network TV|Internet|VOD/Streaming|Yes|Very valuable|No|No"
"3HFWPF5AK8I7NK0HPIKJFA510H1S31","3EH3OJYIRZXOTIKURVXZ5K01XV6YAO","Answer a survey about how you engage with sports","Tell us about how you engage in sports as a fan","survey, sports, soccer, football, baseball, basketball, hockey, golf","$0.20","Sat Oct 07 14:46:47 PDT 2017","100","BatchId:2963798;OriginalHitTemplateId:920937332;","300","259200","Sat Oct 07 18:46:47 PDT 2017","","","34T446B1C0DYMUAIZBH2NRZWH6V0C9","A6NN7XDLH3RON","Submitted","Sat Oct 07 15:05:44 PDT 2017","Sat Oct 07 15:06:54 PDT 2017","Tue Oct 10 15:06:54 PDT 2017","","","","70","0% (0/0)","0% (0/0)","0% (0/0)","Yes|1-3|1-3|Football|Cable TV|Network TV|Mobile|Live TV|DVR/TiVo|Yes|Somewhat valuable|Yes|Yes"
"3HFWPF5AK8I7NK0HPIKJFA510H1S31","3EH3OJYIRZXOTIKURVXZ5K01XV6YAO","Answer a survey about how you engage with sports","Tell us about how you engage in sports as a fan","survey, sports, soccer, football, baseball, basketball, hockey, golf","$0.20","Sat Oct 07 14:46:47 PDT 2017","100","BatchId:2963798;OriginalHitTemplateId:920937332;","300","259200","Sat Oct 07 18:46:47 PDT 2017","","","34V1S5K3GS0R27PUPGNSU28FOOH692","A1J9RWANLAAMZT","Submitted","Sat Oct 07 16:21:19 PDT 2017","Sat Oct 07 16:21:53 PDT 2017","Tue Oct 10 16:21:53 PDT 2017","","","","34","0% (0/0)","0% (0/0)","0% (0/0)","Yes|1-3|1-3|4-8|Football|Hockey​|Network TV|Live TV|No|Not valuable at all|No|No"
"3HFWPF5AK8I7NK0HPIKJFA510H1S31","3EH3OJYIRZXOTIKURVXZ5K01XV6YAO","Answer a survey about how you engage with sports","Tell us about how you engage in sports as a fan","survey, sports, soccer, football, baseball, basketball, hockey, golf","$0.20","Sat Oct 07 14:46:47 PDT 2017","100","BatchId:2963798;OriginalHitTemplateId:920937332;","300","259200","Sat Oct 07 18:46:47 PDT 2017","","","34YB12FSQYN86KXUQ20JBFROI1PGMB","A1Q9JFDOD9HIAJ","Submitted","Sat Oct 07 15:42:08 PDT 2017","Sat Oct 07 15:42:46 PDT 2017","Tue Oct 10 15:42:46 PDT 2017","","","","38","0% (0/0)","0% (0/0)","0% (0/0)","No|1-3|1-3|Basketball|Football|Internet|Mobile|VOD/Streaming|Mobile phone|No|Somewhat valuable|No|No"
"3HFWPF5AK8I7NK0HPIKJFA510H1S31","3EH3OJYIRZXOTIKURVXZ5K01XV6YAO","Answer a survey about how you engage with sports","Tell us about how you engage in sports as a fan","survey, sports, soccer, football, baseball, basketball, hockey, golf","$0.20","Sat Oct 07 14:46:47 PDT 2017","100","BatchId:2963798;OriginalHitTemplateId:920937332;","300","259200","Sat Oct 07 18:46:47 PDT 2017","","","34YB12FSQYN86KXUQ20JBFROI1QMGI","A1GS3A0IGOUXG5","Submitted","Sat Oct 07 16:25:27 PDT 2017","Sat Oct 07 16:26:14 PDT 2017","Tue Oct 10 16:26:14 PDT 2017","","","","47","0% (0/0)","0% (0/0)","0% (0/0)","Yes|1-3|4-8|Basketball|Car Racing|Football|Cable TV|Network TV|Internet|Mobile|Live TV|VOD/Streaming|Mobile phone|Yes|Not valuable at all|Very valuable|Yes|Yes"
"3HFWPF5AK8I7NK0HPIKJFA510H1S31","3EH3OJYIRZXOTIKURVXZ5K01XV6YAO","Answer a survey about how you engage with sports","Tell us about how you engage in sports as a fan","survey, sports, soccer, football, baseball, basketball, hockey, golf","$0.20","Sat Oct 07 14:46:47 PDT 2017","100","BatchId:2963798;OriginalHitTemplateId:920937332;","300","259200","Sat Oct 07 18:46:47 PDT 2017","","","35LDD5557A3D86TDGTLY97JHPI6MKK","ADCXF6QY5T046","Submitted","Sat Oct 07 15:29:37 PDT 2017","Sat Oct 07 15:31:44 PDT 2017","Tue Oct 10 15:31:44 PDT 2017","","","","127","0% (0/0)","0% (0/0)","0% (0/0)","Yes|1-3|1-3|4-8|Football|Network TV|Internet|Mobile|Live TV|DVR/TiVo|VOD/Streaming|Mobile phone|Yes|Somewhat valuable|No|No"
"3HFWPF5AK8I7NK0HPIKJFA510H1S31","3EH3OJYIRZXOTIKURVXZ5K01XV6YAO","Answer a survey about how you engage with sports","Tell us about how you engage in sports as a fan","survey, sports, soccer, football, baseball, basketball, hockey, golf","$0.20","Sat Oct 07 14:46:47 PDT 2017","100","BatchId:2963798;OriginalHitTemplateId:920937332;","300","259200","Sat Oct 07 18:46:47 PDT 2017","","","3634BBTX0OTGW1B8U3W911KV0D3FIT","A2IPO6UJZDIQ91","Submitted","Sat Oct 07 14:58:58 PDT 2017","Sat Oct 07 15:01:39 PDT 2017","Tue Oct 10 15:01:39 PDT 2017","","","","161","0% (0/0)","0% (0/0)","0% (0/0)","Yes|1-3|4-8|Basketball|Football|Hockey​|Soccer|Cable TV|Internet|Mobile|Live TV|VOD/Streaming|Mobile phone|Yes|Very valuable|Yes|No"
"3HFWPF5AK8I7NK0HPIKJFA510H1S31","3EH3OJYIRZXOTIKURVXZ5K01XV6YAO","Answer a survey about how you engage with sports","Tell us about how you engage in sports as a fan","survey, sports, soccer, football, baseball, basketball, hockey, golf","$0.20","Sat Oct 07 14:46:47 PDT 2017","100","BatchId:2963798;OriginalHitTemplateId:920937332;","300","259200","Sat Oct 07 18:46:47 PDT 2017","","","36TFCYNS449X0SR9OFKA7WJN45NHXW","AV4P7N58PU55P","Submitted","Sat Oct 07 16:05:54 PDT 2017","Sat Oct 07 16:07:04 PDT 2017","Tue Oct 10 16:07:04 PDT 2017","","","","70","0% (0/0)","0% (0/0)","0% (0/0)","Yes|1-3|4-8|Baseball|Basketball|Other|Internet|VOD/Streaming|No|Not valuable at all|Yes|Yes"
"3HFWPF5AK8I7NK0HPIKJFA510H1S31","3EH3OJYIRZXOTIKURVXZ5K01XV6YAO","Answer a survey about how you engage with sports","Tell us about how you engage in sports as a fan","survey, sports, soccer, football, baseball, basketball, hockey, golf","$0.20","Sat Oct 07 14:46:47 PDT 2017","100","BatchId:2963798;OriginalHitTemplateId:920937332;","300","259200","Sat Oct 07 18:46:47 PDT 2017","","","36W0OB37HWDM5NROPX8V4HZYC5IHZQ","A1O8Z3KNICQIYY","Submitted","Sat Oct 07 14:55:10 PDT 2017","Sat Oct 07 14:55:44 PDT 2017","Tue Oct 10 14:55:44 PDT 2017","","","","34","0% (0/0)","0% (0/0)","0% (0/0)","Yes|4-8|4-8|Basketball|Football|Network TV|Internet|Live TV|No|Very valuable|No|No"
"3HFWPF5AK8I7NK0HPIKJFA510H1S31","3EH3OJYIRZXOTIKURVXZ5K01XV6YAO","Answer a survey about how you engage with sports","Tell us about how you engage in sports as a fan","survey, sports, soccer, football, baseball, basketball, hockey, golf","$0.20","Sat Oct 07 14:46:47 PDT 2017","100","BatchId:2963798;OriginalHitTemplateId:920937332;","300","259200","Sat Oct 07 18:46:47 PDT 2017","","","379J5II41OFQGOJIKV9GBZRN5GKLEX","AP5KN702ZGURO","Submitted","Sat Oct 07 15:40:04 PDT 2017","Sat Oct 07 15:41:03 PDT 2017","Tue Oct 10 15:41:03 PDT 2017","","","","59","0% (0/0)","0% (0/0)","0% (0/0)","Yes|1-3|4-8|Basketball|Football|Soccer|Cable TV|Live TV|No|Very valuable|No|Yes"
"3HFWPF5AK8I7NK0HPIKJFA510H1S31","3EH3OJYIRZXOTIKURVXZ5K01XV6YAO","Answer a survey about how you engage with sports","Tell us about how you engage in sports as a fan","survey, sports, soccer, football, baseball, basketball, hockey, golf","$0.20","Sat Oct 07 14:46:47 PDT 2017","100","BatchId:2963798;OriginalHitTemplateId:920937332;","300","259200","Sat Oct 07 18:46:47 PDT 2017","","","37QW5D2ZRGLWB04HR1KHVB9WM7SS8H","A38P2MOK42K6LI","Submitted","Sat Oct 07 15:00:49 PDT 2017","Sat Oct 07 15:01:45 PDT 2017","Tue Oct 10 15:01:45 PDT 2017","","","","56","0% (0/0)","0% (0/0)","0% (0/0)","Yes|4-8|9+|Football|Cable TV|Network TV|Mobile|Live TV|Mobile phone|Yes|Somewhat valuable|Yes|Yes"
"3HFWPF5AK8I7NK0HPIKJFA510H1S31","3EH3OJYIRZXOTIKURVXZ5K01XV6YAO","Answer a survey about how you engage with sports","Tell us about how you engage in sports as a fan","survey, sports, soccer, football, baseball, basketball, hockey, golf","$0.20","Sat Oct 07 14:46:47 PDT 2017","100","BatchId:2963798;OriginalHitTemplateId:920937332;","300","259200","Sat Oct 07 18:46:47 PDT 2017","","","37TRT2X24QQMEVJY7JVDUC8AYU2JBT","A12B817QYPV1MV","Submitted","Sat Oct 07 15:46:30 PDT 2017","Sat Oct 07 15:47:33 PDT 2017","Tue Oct 10 15:47:33 PDT 2017","","","","63","0% (0/0)","0% (0/0)","0% (0/0)","Yes|1-3|1-3|Baseball|Hockey​|Cable TV|Live TV|No|Very valuable|No|No"
"3HFWPF5AK8I7NK0HPIKJFA510H1S31","3EH3OJYIRZXOTIKURVXZ5K01XV6YAO","Answer a survey about how you engage with sports","Tell us about how you engage in sports as a fan","survey, sports, soccer, football, baseball, basketball, hockey, golf","$0.20","Sat Oct 07 14:46:47 PDT 2017","100","BatchId:2963798;OriginalHitTemplateId:920937332;","300","259200","Sat Oct 07 18:46:47 PDT 2017","","","37ZHEEHM6WLOR5EJRHRA935PJ7N73H","A2QM9AG79I9GTE","Submitted","Sat Oct 07 14:48:19 PDT 2017","Sat Oct 07 14:49:12 PDT 2017","Tue Oct 10 14:49:12 PDT 2017","","","","53","0% (0/0)","0% (0/0)","0% (0/0)","Yes|1-3|4-8|Basketball|Football|Internet|Mobile|VOD/Streaming|Mobile phone|Yes|Somewhat valuable|Yes|Yes"
"3HFWPF5AK8I7NK0HPIKJFA510H1S31","3EH3OJYIRZXOTIKURVXZ5K01XV6YAO","Answer a survey about how you engage with sports","Tell us about how you engage in sports as a fan","survey, sports, soccer, football, baseball, basketball, hockey, golf","$0.20","Sat Oct 07 14:46:47 PDT 2017","100","BatchId:2963798;OriginalHitTemplateId:920937332;","300","259200","Sat Oct 07 18:46:47 PDT 2017","","","384PI804XS0ETBZEWX722W3E39K0S6","AX5RAD2CUCUO","Submitted","Sat Oct 07 16:18:26 PDT 2017","Sat Oct 07 16:19:33 PDT 2017","Tue Oct 10 16:19:33 PDT 2017","","","","67","0% (0/0)","0% (0/0)","0% (0/0)","Yes|1-3|4-8|Other|Cable TV|Live TV|No|Somewhat valuable|No|No"
"3HFWPF5AK8I7NK0HPIKJFA510H1S31","3EH3OJYIRZXOTIKURVXZ5K01XV6YAO","Answer a survey about how you engage with sports","Tell us about how you engage in sports as a fan","survey, sports, soccer, football, baseball, basketball, hockey, golf","$0.20","Sat Oct 07 14:46:47 PDT 2017","100","BatchId:2963798;OriginalHitTemplateId:920937332;","300","259200","Sat Oct 07 18:46:47 PDT 2017","","","386CSBG1OZLXU66G6IYEGXY4YOKQ67","A182SB7NKMHUM9","Submitted","Sat Oct 07 16:10:05 PDT 2017","Sat Oct 07 16:11:03 PDT 2017","Tue Oct 10 16:11:03 PDT 2017","","","","58","0% (0/0)","0% (0/0)","0% (0/0)","Yes|9+|9+|Baseball|Football|Golf|Hockey​|Internet|Mobile|Live TV|VOD/Streaming|Mobile phone|No|Not valuable at all|No|Yes"
"3HFWPF5AK8I7NK0HPIKJFA510H1S31","3EH3OJYIRZXOTIKURVXZ5K01XV6YAO","Answer a survey about how you engage with sports","Tell us about how you engage in sports as a fan","survey, sports, soccer, football, baseball, basketball, hockey, golf","$0.20","Sat Oct 07 14:46:47 PDT 2017","100","BatchId:2963798;OriginalHitTemplateId:920937332;","300","259200","Sat Oct 07 18:46:47 PDT 2017","","","38YMOXR4MUY2E322IRXK8MGQMPYW6E","A1ILV394W9AJVY","Submitted","Sat Oct 07 15:07:04 PDT 2017","Sat Oct 07 15:10:18 PDT 2017","Tue Oct 10 15:10:18 PDT 2017","","","","194","0% (0/0)","0% (0/0)","0% (0/0)","Yes|1-3|9+|Baseball|Basketball|Football|Other|Cable TV|Network TV|Internet|Live TV|Yes|Somewhat valuable|No|No"
"3HFWPF5AK8I7NK0HPIKJFA510H1S31","3EH3OJYIRZXOTIKURVXZ5K01XV6YAO","Answer a survey about how you engage with sports","Tell us about how you engage in sports as a fan","survey, sports, soccer, football, baseball, basketball, hockey, golf","$0.20","Sat Oct 07 14:46:47 PDT 2017","100","BatchId:2963798;OriginalHitTemplateId:920937332;","300","259200","Sat Oct 07 18:46:47 PDT 2017","","","39KFRKBFINUWSE36XO12AJNXIXUYO6","ABUNAEPK8GV63","Submitted","Sat Oct 07 15:46:11 PDT 2017","Sat Oct 07 15:46:52 PDT 2017","Tue Oct 10 15:46:52 PDT 2017","","","","41","0% (0/0)","0% (0/0)","0% (0/0)","Yes|1-3|1-3|Basketball|Football|Golf|Cable TV|Internet|Live TV|VOD/Streaming|Yes|Very valuable|Yes|Yes"
"3HFWPF5AK8I7NK0HPIKJFA510H1S31","3EH3OJYIRZXOTIKURVXZ5K01XV6YAO","Answer a survey about how you engage with sports","Tell us about how you engage in sports as a fan","survey, sports, soccer, football, baseball, basketball, hockey, golf","$0.20","Sat Oct 07 14:46:47 PDT 2017","100","BatchId:2963798;OriginalHitTemplateId:920937332;","300","259200","Sat Oct 07 18:46:47 PDT 2017","","","39N5ACM9HEMZCD7Z4CM102ZWJT3P9N","A14YBHS8YBLDAG","Submitted","Sat Oct 07 14:51:13 PDT 2017","Sat Oct 07 14:52:38 PDT 2017","Tue Oct 10 14:52:38 PDT 2017","","","","85","0% (0/0)","0% (0/0)","0% (0/0)","Yes|1-3|1-3|Basketball|Internet|Live TV|Yes|Somewhat valuable|No|No"
"3HFWPF5AK8I7NK0HPIKJFA510H1S31","3EH3OJYIRZXOTIKURVXZ5K01XV6YAO","Answer a survey about how you engage with sports","Tell us about how you engage in sports as a fan","survey, sports, soccer, football, baseball, basketball, hockey, golf","$0.20","Sat Oct 07 14:46:47 PDT 2017","100","BatchId:2963798;OriginalHitTemplateId:920937332;","300","259200","Sat Oct 07 18:46:47 PDT 2017","","","39ZSFO5CA8V1AUS47AC8Z20YNFAJUB","A1V2C5IAJ6EJV8","Submitted","Sat Oct 07 16:00:00 PDT 2017","Sat Oct 07 16:01:58 PDT 2017","Tue Oct 10 16:01:58 PDT 2017","","","","118","0% (0/0)","0% (0/0)","0% (0/0)","Yes|4-8|9+|Baseball|Car Racing|Football|Golf|Cable TV|Internet|Mobile|Live TV|Yes|Very valuable|Yes|Yes"
"3HFWPF5AK8I7NK0HPIKJFA510H1S31","3EH3OJYIRZXOTIKURVXZ5K01XV6YAO","Answer a survey about how you engage with sports","Tell us about how you engage in sports as a fan","survey, sports, soccer, football, baseball, basketball, hockey, golf","$0.20","Sat Oct 07 14:46:47 PDT 2017","100","BatchId:2963798;OriginalHitTemplateId:920937332;","300","259200","Sat Oct 07 18:46:47 PDT 2017","","","3A1COHJ8NJU7LRQ1G78IRX2UDWEH8O","A7D2RYBIF2H5S","Submitted","Sat Oct 07 15:59:48 PDT 2017","Sat Oct 07 16:00:52 PDT 2017","Tue Oct 10 16:00:52 PDT 2017","","","","64","0% (0/0)","0% (0/0)","0% (0/0)","No|1-3|9+|Golf|Hockey​|Cable TV|Network TV|Live TV|Yes|Somewhat valuable|No|No"
"3HFWPF5AK8I7NK0HPIKJFA510H1S31","3EH3OJYIRZXOTIKURVXZ5K01XV6YAO","Answer a survey about how you engage with sports","Tell us about how you engage in sports as a fan","survey, sports, soccer, football, baseball, basketball, hockey, golf","$0.20","Sat Oct 07 14:46:47 PDT 2017","100","BatchId:2963798;OriginalHitTemplateId:920937332;","300","259200","Sat Oct 07 18:46:47 PDT 2017","","","3A9AA95ATWLGBQ5N1M9KOMUUXXM5PE","A3QI1RV4HQ9MOC","Submitted","Sat Oct 07 15:32:39 PDT 2017","Sat Oct 07 15:33:41 PDT 2017","Tue Oct 10 15:33:41 PDT 2017","","","","62","0% (0/0)","0% (0/0)","0% (0/0)","Yes|1-3|1-3|Basketball|Cable TV|Live TV|Yes|Somewhat valuable|Yes|Yes"
"3HFWPF5AK8I7NK0HPIKJFA510H1S31","3EH3OJYIRZXOTIKURVXZ5K01XV6YAO","Answer a survey about how you engage with sports","Tell us about how you engage in sports as a fan","survey, sports, soccer, football, baseball, basketball, hockey, golf","$0.20","Sat Oct 07 14:46:47 PDT 2017","100","BatchId:2963798;OriginalHitTemplateId:920937332;","300","259200","Sat Oct 07 18:46:47 PDT 2017","","","3AQF3RZ558H03HG7S2NK4YUQRMA6FS","A3FO0P0MLGMP7N","Submitted","Sat Oct 07 15:20:46 PDT 2017","Sat Oct 07 15:21:44 PDT 2017","Tue Oct 10 15:21:44 PDT 2017","","","","58","0% (0/0)","0% (0/0)","0% (0/0)","No|1-3|0|Other|Network TV|Live TV|No|Somewhat valuable|No|No"
"3HFWPF5AK8I7NK0HPIKJFA510H1S31","3EH3OJYIRZXOTIKURVXZ5K01XV6YAO","Answer a survey about how you engage with sports","Tell us about how you engage in sports as a fan","survey, sports, soccer, football, baseball, basketball, hockey, golf","$0.20","Sat Oct 07 14:46:47 PDT 2017","100","BatchId:2963798;OriginalHitTemplateId:920937332;","300","259200","Sat Oct 07 18:46:47 PDT 2017","","","3AUQQEL7U5SUL3GIQSC7DJNL2DD0VA","A1BHC0JGQM7M7S","Submitted","Sat Oct 07 15:43:46 PDT 2017","Sat Oct 07 15:44:51 PDT 2017","Tue Oct 10 15:44:51 PDT 2017","","","","65","0% (0/0)","0% (0/0)","0% (0/0)","Yes|1-3|1-3|Hockey​|Cable TV|Live TV|Yes|Somewhat valuable|Yes|Yes"
"3HFWPF5AK8I7NK0HPIKJFA510H1S31","3EH3OJYIRZXOTIKURVXZ5K01XV6YAO","Answer a survey about how you engage with sports","Tell us about how you engage in sports as a fan","survey, sports, soccer, football, baseball, basketball, hockey, golf","$0.20","Sat Oct 07 14:46:47 PDT 2017","100","BatchId:2963798;OriginalHitTemplateId:920937332;","300","259200","Sat Oct 07 18:46:47 PDT 2017","","","3BDCF01OGXTOMT09KWLAI2J3NSOYLO","A2CO3PHGWP142Q","Submitted","Sat Oct 07 15:17:58 PDT 2017","Sat Oct 07 15:19:31 PDT 2017","Tue Oct 10 15:19:31 PDT 2017","","","","93","0% (0/0)","0% (0/0)","0% (0/0)","Yes|1-3|1-3|Basketball|Network TV|Live TV|Yes|Not valuable at all|No|No"
"3HFWPF5AK8I7NK0HPIKJFA510H1S31","3EH3OJYIRZXOTIKURVXZ5K01XV6YAO","Answer a survey about how you engage with sports","Tell us about how you engage in sports as a fan","survey, sports, soccer, football, baseball, basketball, hockey, golf","$0.20","Sat Oct 07 14:46:47 PDT 2017","100","BatchId:2963798;OriginalHitTemplateId:920937332;","300","259200","Sat Oct 07 18:46:47 PDT 2017","","","3BEFOD78W6SSU44AV1YI2QULSWE4MA","A3J8HISHHCVELP","Submitted","Sat Oct 07 14:48:08 PDT 2017","Sat Oct 07 14:49:30 PDT 2017","Tue Oct 10 14:49:30 PDT 2017","","","","82","0% (0/0)","0% (0/0)","0% (0/0)","Yes|9+|4-8|Soccer|Other|Cable TV|Internet|Live TV|Yes|Very valuable|Yes|Yes"
"3HFWPF5AK8I7NK0HPIKJFA510H1S31","3EH3OJYIRZXOTIKURVXZ5K01XV6YAO","Answer a survey about how you engage with sports","Tell us about how you engage in sports as a fan","survey, sports, soccer, football, baseball, basketball, hockey, golf","$0.20","Sat Oct 07 14:46:47 PDT 2017","100","BatchId:2963798;OriginalHitTemplateId:920937332;","300","259200","Sat Oct 07 18:46:47 PDT 2017","","","3BF51CHDTV9P32LYL3V3YIWCUY10HJ","AD9MAA5M34BTS","Submitted","Sat Oct 07 15:15:20 PDT 2017","Sat Oct 07 15:16:04 PDT 2017","Tue Oct 10 15:16:04 PDT 2017","","","","44","0% (0/0)","0% (0/0)","0% (0/0)","Yes|1-3|4-8|Baseball|Cable TV|Live TV|Yes|Somewhat valuable|No|No"
"3HFWPF5AK8I7NK0HPIKJFA510H1S31","3EH3OJYIRZXOTIKURVXZ5K01XV6YAO","Answer a survey about how you engage with sports","Tell us about how you engage in sports as a fan","survey, sports, soccer, football, baseball, basketball, hockey, golf","$0.20","Sat Oct 07 14:46:47 PDT 2017","100","BatchId:2963798;OriginalHitTemplateId:920937332;","300","259200","Sat Oct 07 18:46:47 PDT 2017","","","3BV8HQ2ZZW057QZZHM1SQXJZU6Z6AH","A1L4HASH49EKFW","Submitted","Sat Oct 07 16:21:53 PDT 2017","Sat Oct 07 16:23:10 PDT 2017","Tue Oct 10 16:23:10 PDT 2017","","","","77","0% (0/0)","0% (0/0)","0% (0/0)","Yes|4-8|9+|Basketball|Football|Soccer|Cable TV|Network TV|Mobile|Live TV|VOD/Streaming|No|Somewhat valuable|Yes|Yes"
"3HFWPF5AK8I7NK0HPIKJFA510H1S31","3EH3OJYIRZXOTIKURVXZ5K01XV6YAO","Answer a survey about how you engage with sports","Tell us about how you engage in sports as a fan","survey, sports, soccer, football, baseball, basketball, hockey, golf","$0.20","Sat Oct 07 14:46:47 PDT 2017","100","BatchId:2963798;OriginalHitTemplateId:920937332;","300","259200","Sat Oct 07 18:46:47 PDT 2017","","","3COPXFW7XBBJT9QQ89DQQBDCUNHKPE","A355A10BKBLSOU","Submitted","Sat Oct 07 15:34:24 PDT 2017","Sat Oct 07 15:35:47 PDT 2017","Tue Oct 10 15:35:47 PDT 2017","","","","83","0% (0/0)","0% (0/0)","0% (0/0)","Yes|0|1-3|Other|Network TV|Internet|Mobile|Live TV|Yes|Not valuable at all|Somewhat valuable|No|No"
"3HFWPF5AK8I7NK0HPIKJFA510H1S31","3EH3OJYIRZXOTIKURVXZ5K01XV6YAO","Answer a survey about how you engage with sports","Tell us about how you engage in sports as a fan","survey, sports, soccer, football, baseball, basketball, hockey, golf","$0.20","Sat Oct 07 14:46:47 PDT 2017","100","BatchId:2963798;OriginalHitTemplateId:920937332;","300","259200","Sat Oct 07 18:46:47 PDT 2017","","","3CPLWGV3MOYZ9SVMOX99WDU1JE2N9P","A1T3YNSVCIU7SC","Submitted","Sat Oct 07 14:55:46 PDT 2017","Sat Oct 07 14:58:11 PDT 2017","Tue Oct 10 14:58:11 PDT 2017","","","","145","0% (0/0)","0% (0/0)","0% (0/0)","Yes|4-8|Basketball|Football|Cable TV|Internet|Live TV|VOD/Streaming|Yes|Somewhat valuable|Yes|Yes"
"3HFWPF5AK8I7NK0HPIKJFA510H1S31","3EH3OJYIRZXOTIKURVXZ5K01XV6YAO","Answer a survey about how you engage with sports","Tell us about how you engage in sports as a fan","survey, sports, soccer, football, baseball, basketball, hockey, golf","$0.20","Sat Oct 07 14:46:47 PDT 2017","100","BatchId:2963798;OriginalHitTemplateId:920937332;","300","259200","Sat Oct 07 18:46:47 PDT 2017","","","3DBQWDE4Y6XG85TAL7WSKXPZXIM5NJ","A2XY43VECPAD61","Submitted","Sat Oct 07 16:05:24 PDT 2017","Sat Oct 07 16:06:38 PDT 2017","Tue Oct 10 16:06:38 PDT 2017","","","","74","0% (0/0)","0% (0/0)","0% (0/0)","Yes|4-8|9+|Football|Soccer|Cable TV|Network TV|Live TV|VOD/Streaming|No|Very valuable|No|No"
"3HFWPF5AK8I7NK0HPIKJFA510H1S31","3EH3OJYIRZXOTIKURVXZ5K01XV6YAO","Answer a survey about how you engage with sports","Tell us about how you engage in sports as a fan","survey, sports, soccer, football, baseball, basketball, hockey, golf","$0.20","Sat Oct 07 14:46:47 PDT 2017","100","BatchId:2963798;OriginalHitTemplateId:920937332;","300","259200","Sat Oct 07 18:46:47 PDT 2017","","","3DEL4X4EL6KJMNHYYFOYTWEQU10YXC","A2UKE5M4IZP49P","Submitted","Sat Oct 07 16:23:24 PDT 2017","Sat Oct 07 16:25:06 PDT 2017","Tue Oct 10 16:25:06 PDT 2017","","","","102","0% (0/0)","0% (0/0)","0% (0/0)","Yes|9+|9+|Baseball|Basketball|Car Racing|Football|Cable TV|Network TV|Live TV|DVR/TiVo|No|Very valuable|No|Yes"
"3HFWPF5AK8I7NK0HPIKJFA510H1S31","3EH3OJYIRZXOTIKURVXZ5K01XV6YAO","Answer a survey about how you engage with sports","Tell us about how you engage in sports as a fan","survey, sports, soccer, football, baseball, basketball, hockey, golf","$0.20","Sat Oct 07 14:46:47 PDT 2017","100","BatchId:2963798;OriginalHitTemplateId:920937332;","300","259200","Sat Oct 07 18:46:47 PDT 2017","","","3DEL4X4EL6KJMNHYYFOYTWEQU1ZYXB","A3P0P0DRSOX52W","Submitted","Sat Oct 07 15:48:26 PDT 2017","Sat Oct 07 15:49:13 PDT 2017","Tue Oct 10 15:49:13 PDT 2017","","","","47","0% (0/0)","0% (0/0)","0% (0/0)","Yes|1-3|4-8|Golf|Soccer|Other|Internet|VOD/Streaming|Yes|Very valuable|Yes|No"
"3HFWPF5AK8I7NK0HPIKJFA510H1S31","3EH3OJYIRZXOTIKURVXZ5K01XV6YAO","Answer a survey about how you engage with sports","Tell us about how you engage in sports as a fan","survey, sports, soccer, football, baseball, basketball, hockey, golf","$0.20","Sat Oct 07 14:46:47 PDT 2017","100","BatchId:2963798;OriginalHitTemplateId:920937332;","300","259200","Sat Oct 07 18:46:47 PDT 2017","","","3DYGAII7PL754COLLEXNMXPLTT8QPB","A1HCV6GDGGWNUR","Submitted","Sat Oct 07 15:17:45 PDT 2017","Sat Oct 07 15:18:41 PDT 2017","Tue Oct 10 15:18:41 PDT 2017","","","","56","0% (0/0)","0% (0/0)","0% (0/0)","Yes|9+|9+|Baseball|Car Racing|Football|Cable TV|Network TV|Internet|Mobile|Live TV|VOD/Streaming|Mobile phone|Yes|Very valuable|Yes|No"
"3HFWPF5AK8I7NK0HPIKJFA510H1S31","3EH3OJYIRZXOTIKURVXZ5K01XV6YAO","Answer a survey about how you engage with sports","Tell us about how you engage in sports as a fan","survey, sports, soccer, football, baseball, basketball, hockey, golf","$0.20","Sat Oct 07 14:46:47 PDT 2017","100","BatchId:2963798;OriginalHitTemplateId:920937332;","300","259200","Sat Oct 07 18:46:47 PDT 2017","","","3E1QT0TDFP87HM1LMPQ3R939D9S8I7","A1589I6Q42EF0F","Submitted","Sat Oct 07 15:34:21 PDT 2017","Sat Oct 07 15:35:52 PDT 2017","Tue Oct 10 15:35:52 PDT 2017","","","","91","0% (0/0)","0% (0/0)","0% (0/0)","Yes|1-3|4-8|Basketball|Football|Soccer|Other|Cable TV|Internet|Live TV|Yes|Somewhat valuable|Yes|No"
"3HFWPF5AK8I7NK0HPIKJFA510H1S31","3EH3OJYIRZXOTIKURVXZ5K01XV6YAO","Answer a survey about how you engage with sports","Tell us about how you engage in sports as a fan","survey, sports, soccer, football, baseball, basketball, hockey, golf","$0.20","Sat Oct 07 14:46:47 PDT 2017","100","BatchId:2963798;OriginalHitTemplateId:920937332;","300","259200","Sat Oct 07 18:46:47 PDT 2017","","","3ERET4BTVM8Y1MAJRKHT4LDXPJX9K6","A1NP3XGUAKE96X","Submitted","Sat Oct 07 14:47:20 PDT 2017","Sat Oct 07 14:48:14 PDT 2017","Tue Oct 10 14:48:14 PDT 2017","","","","54","0% (0/0)","0% (0/0)","0% (0/0)","Yes|9+|9+|Basketball|Car Racing|Football|Hockey​|Cable TV|Internet|Mobile|Live TV|Mobile phone|Yes|Very valuable|Yes|Yes"
"3HFWPF5AK8I7NK0HPIKJFA510H1S31","3EH3OJYIRZXOTIKURVXZ5K01XV6YAO","Answer a survey about how you engage with sports","Tell us about how you engage in sports as a fan","survey, sports, soccer, football, baseball, basketball, hockey, golf","$0.20","Sat Oct 07 14:46:47 PDT 2017","100","BatchId:2963798;OriginalHitTemplateId:920937332;","300","259200","Sat Oct 07 18:46:47 PDT 2017","","","3F0BG9B9MPMP78B7G2K0ZX12S8L7YQ","A2UD5XSHQFG6II","Submitted","Sat Oct 07 16:03:44 PDT 2017","Sat Oct 07 16:04:22 PDT 2017","Tue Oct 10 16:04:22 PDT 2017","","","","38","0% (0/0)","0% (0/0)","0% (0/0)","Yes|1-3|1-3|Baseball|Cable TV|Network TV|Live TV|Yes|Somewhat valuable|No|No"
"3HFWPF5AK8I7NK0HPIKJFA510H1S31","3EH3OJYIRZXOTIKURVXZ5K01XV6YAO","Answer a survey about how you engage with sports","Tell us about how you engage in sports as a fan","survey, sports, soccer, football, baseball, basketball, hockey, golf","$0.20","Sat Oct 07 14:46:47 PDT 2017","100","BatchId:2963798;OriginalHitTemplateId:920937332;","300","259200","Sat Oct 07 18:46:47 PDT 2017","","","3FE7TXL1LIM9C5NFJGMBQKHSIJF2QZ","A2KH9SC6A8VQXZ","Submitted","Sat Oct 07 14:48:00 PDT 2017","Sat Oct 07 14:48:26 PDT 2017","Tue Oct 10 14:48:26 PDT 2017","","","","26","0% (0/0)","0% (0/0)","0% (0/0)","Yes|4-8|4-8|Basketball|Football|Cable TV|Mobile|Live TV|Yes|Somewhat valuable|Very valuable|Yes|Yes"
"3HFWPF5AK8I7NK0HPIKJFA510H1S31","3EH3OJYIRZXOTIKURVXZ5K01XV6YAO","Answer a survey about how you engage with sports","Tell us about how you engage in sports as a fan","survey, sports, soccer, football, baseball, basketball, hockey, golf","$0.20","Sat Oct 07 14:46:47 PDT 2017","100","BatchId:2963798;OriginalHitTemplateId:920937332;","300","259200","Sat Oct 07 18:46:47 PDT 2017","","","3G0WWMR1UVJ51RC85ZKVI8KQTE8NQD","AXBV6XNU8UA5","Submitted","Sat Oct 07 15:39:35 PDT 2017","Sat Oct 07 15:40:49 PDT 2017","Tue Oct 10 15:40:49 PDT 2017","","","","74","0% (0/0)","0% (0/0)","0% (0/0)","Yes|9+|9+|Baseball|Basketball|Football|Hockey​|Other|Cable TV|Network TV|Mobile|Live TV|Mobile phone|Yes|Somewhat valuable|Yes|Yes"
"3HFWPF5AK8I7NK0HPIKJFA510H1S31","3EH3OJYIRZXOTIKURVXZ5K01XV6YAO","Answer a survey about how you engage with sports","Tell us about how you engage in sports as a fan","survey, sports, soccer, football, baseball, basketball, hockey, golf","$0.20","Sat Oct 07 14:46:47 PDT 2017","100","BatchId:2963798;OriginalHitTemplateId:920937332;","300","259200","Sat Oct 07 18:46:47 PDT 2017","","","3GNCZX450IMDHWH4WI01WXAGPBLAPN","A3O5RZYTPV7FZF","Submitted","Sat Oct 07 14:55:24 PDT 2017","Sat Oct 07 14:55:59 PDT 2017","Tue Oct 10 14:55:59 PDT 2017","","","","35","0% (0/0)","0% (0/0)","0% (0/0)","Yes|1-3|4-8|Other|Mobile|Mobile phone|Yes|Somewhat valuable|Yes|Yes"
"3HFWPF5AK8I7NK0HPIKJFA510H1S31","3EH3OJYIRZXOTIKURVXZ5K01XV6YAO","Answer a survey about how you engage with sports","Tell us about how you engage in sports as a fan","survey, sports, soccer, football, baseball, basketball, hockey, golf","$0.20","Sat Oct 07 14:46:47 PDT 2017","100","BatchId:2963798;OriginalHitTemplateId:920937332;","300","259200","Sat Oct 07 18:46:47 PDT 2017","","","3IKZ72A5B4F8A2MZRJ9169GCMCZFNB","A25ZRQBJFOIQNA","Submitted","Sat Oct 07 15:35:45 PDT 2017","Sat Oct 07 15:36:17 PDT 2017","Tue Oct 10 15:36:17 PDT 2017","","","","32","0% (0/0)","0% (0/0)","0% (0/0)","Yes|4-8|9+|Car Racing|Golf|Hockey​|Soccer|Cable TV|Network TV|Internet|Live TV|Yes|Not valuable at all|No|No"
"3HFWPF5AK8I7NK0HPIKJFA510H1S31","3EH3OJYIRZXOTIKURVXZ5K01XV6YAO","Answer a survey about how you engage with sports","Tell us about how you engage in sports as a fan","survey, sports, soccer, football, baseball, basketball, hockey, golf","$0.20","Sat Oct 07 14:46:47 PDT 2017","100","BatchId:2963798;OriginalHitTemplateId:920937332;","300","259200","Sat Oct 07 18:46:47 PDT 2017","","","3JCG6DTRV3PQ4OP0LRCCM2FVYPVQQ3","A10HEV2856GIQL","Submitted","Sat Oct 07 15:42:04 PDT 2017","Sat Oct 07 15:43:05 PDT 2017","Tue Oct 10 15:43:05 PDT 2017","","","","61","0% (0/0)","0% (0/0)","0% (0/0)","Yes|1-3|1-3|Basketball|Football|Cable TV|Live TV|Yes|Not valuable at all|Yes|Yes"
"3HFWPF5AK8I7NK0HPIKJFA510H1S31","3EH3OJYIRZXOTIKURVXZ5K01XV6YAO","Answer a survey about how you engage with sports","Tell us about how you engage in sports as a fan","survey, sports, soccer, football, baseball, basketball, hockey, golf","$0.20","Sat Oct 07 14:46:47 PDT 2017","100","BatchId:2963798;OriginalHitTemplateId:920937332;","300","259200","Sat Oct 07 18:46:47 PDT 2017","","","3JWH6J9I9SCIXLAJMHN5NJPR7E5NBZ","A2H6RIWM50KWA4","Submitted","Sat Oct 07 14:55:53 PDT 2017","Sat Oct 07 14:56:40 PDT 2017","Tue Oct 10 14:56:40 PDT 2017","","","","47","0% (0/0)","0% (0/0)","0% (0/0)","Yes|4-8|9+|Basketball|Football|Cable TV|Network TV|Internet|Mobile|Live TV|Mobile phone|Yes|Not valuable at all|Somewhat valuable|Yes|Yes"
"3HFWPF5AK8I7NK0HPIKJFA510H1S31","3EH3OJYIRZXOTIKURVXZ5K01XV6YAO","Answer a survey about how you engage with sports","Tell us about how you engage in sports as a fan","survey, sports, soccer, football, baseball, basketball, hockey, golf","$0.20","Sat Oct 07 14:46:47 PDT 2017","100","BatchId:2963798;OriginalHitTemplateId:920937332;","300","259200","Sat Oct 07 18:46:47 PDT 2017","","","3K4J6M3CXES74JO5TZAE2OWOOKYAGJ","A3RW07N951SRUW","Submitted","Sat Oct 07 14:54:18 PDT 2017","Sat Oct 07 14:55:07 PDT 2017","Tue Oct 10 14:55:07 PDT 2017","","","","49","0% (0/0)","0% (0/0)","0% (0/0)","No|1-3|0|Basketball|Cable TV|Live TV|No|Not valuable at all|No|No"
"3HFWPF5AK8I7NK0HPIKJFA510H1S31","3EH3OJYIRZXOTIKURVXZ5K01XV6YAO","Answer a survey about how you engage with sports","Tell us about how you engage in sports as a fan","survey, sports, soccer, football, baseball, basketball, hockey, golf","$0.20","Sat Oct 07 14:46:47 PDT 2017","100","BatchId:2963798;OriginalHitTemplateId:920937332;","300","259200","Sat Oct 07 18:46:47 PDT 2017","","","3KMS4QQVK2P72W1WU6HLEHZ8SHUKFB","A19TMBODLD71VN","Submitted","Sat Oct 07 15:33:07 PDT 2017","Sat Oct 07 15:34:05 PDT 2017","Tue Oct 10 15:34:05 PDT 2017","","","","58","0% (0/0)","0% (0/0)","0% (0/0)","Yes|4-8|4-8|Basketball|Football|Other|Cable TV|Network TV|Live TV|Yes|Somewhat valuable|No|Yes"
"3HFWPF5AK8I7NK0HPIKJFA510H1S31","3EH3OJYIRZXOTIKURVXZ5K01XV6YAO","Answer a survey about how you engage with sports","Tell us about how you engage in sports as a fan","survey, sports, soccer, football, baseball, basketball, hockey, golf","$0.20","Sat Oct 07 14:46:47 PDT 2017","100","BatchId:2963798;OriginalHitTemplateId:920937332;","300","259200","Sat Oct 07 18:46:47 PDT 2017","","","3KMS4QQVK2P72W1WU6HLEHZ8SHVFK7","AIV842WA1CLZZ","Submitted","Sat Oct 07 16:06:02 PDT 2017","Sat Oct 07 16:06:50 PDT 2017","Tue Oct 10 16:06:50 PDT 2017","","","","48","0% (0/0)","0% (0/0)","0% (0/0)","Yes|1-3|4-8|Baseball|Cable TV|Network TV|Internet|Live TV|Mobile phone|Yes|Somewhat valuable|No|No"
"3HFWPF5AK8I7NK0HPIKJFA510H1S31","3EH3OJYIRZXOTIKURVXZ5K01XV6YAO","Answer a survey about how you engage with sports","Tell us about how you engage in sports as a fan","survey, sports, soccer, football, baseball, basketball, hockey, golf","$0.20","Sat Oct 07 14:46:47 PDT 2017","100","BatchId:2963798;OriginalHitTemplateId:920937332;","300","259200","Sat Oct 07 18:46:47 PDT 2017","","","3L4D84MILZRW58MK7B59GNB8T77HJ7","A25GE1R6D38S65","Submitted","Sat Oct 07 15:32:12 PDT 2017","Sat Oct 07 15:33:07 PDT 2017","Tue Oct 10 15:33:07 PDT 2017","","","","55","0% (0/0)","0% (0/0)","0% (0/0)","Yes|4-8|9+|Car Racing|Football|Cable TV|Network TV|Internet|Mobile|Live TV|DVR/TiVo|VOD/Streaming|Mobile phone|Yes|Somewhat valuable|No"
"3HFWPF5AK8I7NK0HPIKJFA510H1S31","3EH3OJYIRZXOTIKURVXZ5K01XV6YAO","Answer a survey about how you engage with sports","Tell us about how you engage in sports as a fan","survey, sports, soccer, football, baseball, basketball, hockey, golf","$0.20","Sat Oct 07 14:46:47 PDT 2017","100","BatchId:2963798;OriginalHitTemplateId:920937332;","300","259200","Sat Oct 07 18:46:47 PDT 2017","","","3L4PIM1GQTFZPRVMPGI64ES2TKCRY6","A3OD4SK1S52QVT","Submitted","Sat Oct 07 14:58:21 PDT 2017","Sat Oct 07 14:59:03 PDT 2017","Tue Oct 10 14:59:03 PDT 2017","","","","42","0% (0/0)","0% (0/0)","0% (0/0)","Yes|4-8|4-8|Baseball|Car Racing|Football|Hockey​|Soccer|Cable TV|Internet|Mobile|Live TV|VOD/Streaming|Mobile phone|Yes|Very valuable|No|Yes"
"3HFWPF5AK8I7NK0HPIKJFA510H1S31","3EH3OJYIRZXOTIKURVXZ5K01XV6YAO","Answer a survey about how you engage with sports","Tell us about how you engage in sports as a fan","survey, sports, soccer, football, baseball, basketball, hockey, golf","$0.20","Sat Oct 07 14:46:47 PDT 2017","100","BatchId:2963798;OriginalHitTemplateId:920937332;","300","259200","Sat Oct 07 18:46:47 PDT 2017","","","3LJ7UR74RHCYCMPA72DIF5JLXMO4NA","A1XJ95NLJK25TF","Submitted","Sat Oct 07 14:48:11 PDT 2017","Sat Oct 07 14:48:38 PDT 2017","Tue Oct 10 14:48:38 PDT 2017","","","","27","0% (0/0)","0% (0/0)","0% (0/0)","Yes|1-3|1-3|Baseball|Car Racing|Hockey​|Network TV|Live TV|No|Somewhat valuable|No|Yes"
"3HFWPF5AK8I7NK0HPIKJFA510H1S31","3EH3OJYIRZXOTIKURVXZ5K01XV6YAO","Answer a survey about how you engage with sports","Tell us about how you engage in sports as a fan","survey, sports, soccer, football, baseball, basketball, hockey, golf","$0.20","Sat Oct 07 14:46:47 PDT 2017","100","BatchId:2963798;OriginalHitTemplateId:920937332;","300","259200","Sat Oct 07 18:46:47 PDT 2017","","","3LOTDFNYA7YYXWVDJK0O2ST3FO4FW3","AQCMQQXO9WLFJ","Submitted","Sat Oct 07 16:08:38 PDT 2017","Sat Oct 07 16:09:34 PDT 2017","Tue Oct 10 16:09:34 PDT 2017","","","","56","0% (0/0)","0% (0/0)","0% (0/0)","Yes|9+|4-8|Baseball|Basketball|Football|Hockey​|Soccer|Cable TV|Network TV|Live TV|VOD/Streaming|Yes|Very valuable|Yes|Yes"
"3HFWPF5AK8I7NK0HPIKJFA510H1S31","3EH3OJYIRZXOTIKURVXZ5K01XV6YAO","Answer a survey about how you engage with sports","Tell us about how you engage in sports as a fan","survey, sports, soccer, football, baseball, basketball, hockey, golf","$0.20","Sat Oct 07 14:46:47 PDT 2017","100","BatchId:2963798;OriginalHitTemplateId:920937332;","300","259200","Sat Oct 07 18:46:47 PDT 2017","","","3LUY3GC63ZZVYUJ6PFOHM68QO3F7PT","A17VXAMGTXV1FL","Submitted","Sat Oct 07 14:53:41 PDT 2017","Sat Oct 07 14:54:51 PDT 2017","Tue Oct 10 14:54:51 PDT 2017","","","","70","0% (0/0)","0% (0/0)","0% (0/0)","Yes|9+|9+|Soccer|Cable TV|Live TV|Yes|Very valuable|Yes|Yes"
"3HFWPF5AK8I7NK0HPIKJFA510H1S31","3EH3OJYIRZXOTIKURVXZ5K01XV6YAO","Answer a survey about how you engage with sports","Tell us about how you engage in sports as a fan","survey, sports, soccer, football, baseball, basketball, hockey, golf","$0.20","Sat Oct 07 14:46:47 PDT 2017","100","BatchId:2963798;OriginalHitTemplateId:920937332;","300","259200","Sat Oct 07 18:46:47 PDT 2017","","","3MRNMEIQW55LOI5IO0YW5H9254HLD2","A3TD3PWJ8BU2H1","Submitted","Sat Oct 07 15:01:47 PDT 2017","Sat Oct 07 15:02:51 PDT 2017","Tue Oct 10 15:02:51 PDT 2017","","","","64","0% (0/0)","0% (0/0)","0% (0/0)","Yes|4-8|9+|Baseball|Basketball|Football|Other|Cable TV|Network TV|Live TV|Yes|Somewhat valuable|No|Yes"
"3HFWPF5AK8I7NK0HPIKJFA510H1S31","3EH3OJYIRZXOTIKURVXZ5K01XV6YAO","Answer a survey about how you engage with sports","Tell us about how you engage in sports as a fan","survey, sports, soccer, football, baseball, basketball, hockey, golf","$0.20","Sat Oct 07 14:46:47 PDT 2017","100","BatchId:2963798;OriginalHitTemplateId:920937332;","300","259200","Sat Oct 07 18:46:47 PDT 2017","","","3N2BF7Y2VQTM6GS5A8I1WF3PX10HM9","A3SB3Y41WJ6LKS","Submitted","Sat Oct 07 14:52:35 PDT 2017","Sat Oct 07 14:53:45 PDT 2017","Tue Oct 10 14:53:45 PDT 2017","","","","70","0% (0/0)","0% (0/0)","0% (0/0)","Yes|4-8|9+|Baseball|Basketball|Football|Soccer|Cable TV|Network TV|Internet|Mobile|Live TV|DVR/TiVo|Mobile phone|Yes|Somewhat valuable|Yes|Yes"
"3HFWPF5AK8I7NK0HPIKJFA510H1S31","3EH3OJYIRZXOTIKURVXZ5K01XV6YAO","Answer a survey about how you engage with sports","Tell us about how you engage in sports as a fan","survey, sports, soccer, football, baseball, basketball, hockey, golf","$0.20","Sat Oct 07 14:46:47 PDT 2017","100","BatchId:2963798;OriginalHitTemplateId:920937332;","300","259200","Sat Oct 07 18:46:47 PDT 2017","","","3N2BF7Y2VQTM6GS5A8I1WF3PX10MHE","A27CEJDHPPL9WF","Submitted","Sat Oct 07 14:48:26 PDT 2017","Sat Oct 07 14:49:32 PDT 2017","Tue Oct 10 14:49:32 PDT 2017","","","","66","0% (0/0)","0% (0/0)","0% (0/0)","Yes|4-8|4-8|Baseball|Car Racing|Football|Golf|Cable TV|Network TV|Live TV|Yes|Somewhat valuable|No|Yes"
"3HFWPF5AK8I7NK0HPIKJFA510H1S31","3EH3OJYIRZXOTIKURVXZ5K01XV6YAO","Answer a survey about how you engage with sports","Tell us about how you engage in sports as a fan","survey, sports, soccer, football, baseball, basketball, hockey, golf","$0.20","Sat Oct 07 14:46:47 PDT 2017","100","BatchId:2963798;OriginalHitTemplateId:920937332;","300","259200","Sat Oct 07 18:46:47 PDT 2017","","","3NKQQ8O39Y4O78SCXEQXW45LIVBUD6","A3KIZLHCD945UK","Submitted","Sat Oct 07 15:23:54 PDT 2017","Sat Oct 07 15:25:00 PDT 2017","Tue Oct 10 15:25:00 PDT 2017","","","","66","0% (0/0)","0% (0/0)","0% (0/0)","Yes|4-8|9+|Car Racing|Football|Hockey​|Network TV|Live TV|Yes|Not valuable at all|Somewhat valuable|No|No"
"3HFWPF5AK8I7NK0HPIKJFA510H1S31","3EH3OJYIRZXOTIKURVXZ5K01XV6YAO","Answer a survey about how you engage with sports","Tell us about how you engage in sports as a fan","survey, sports, soccer, football, baseball, basketball, hockey, golf","$0.20","Sat Oct 07 14:46:47 PDT 2017","100","BatchId:2963798;OriginalHitTemplateId:920937332;","300","259200","Sat Oct 07 18:46:47 PDT 2017","","","3NL0RFNU0FMX4G47APL2ND2H3RJK4L","A264EBGUV70XK9","Submitted","Sat Oct 07 14:49:45 PDT 2017","Sat Oct 07 14:50:20 PDT 2017","Tue Oct 10 14:50:20 PDT 2017","","","","35","0% (0/0)","0% (0/0)","0% (0/0)","Yes|1-3|1-3|Baseball|Basketball|Car Racing|Network TV|Internet|DVR/TiVo|Yes|Very valuable|Yes|Yes"
"3HFWPF5AK8I7NK0HPIKJFA510H1S31","3EH3OJYIRZXOTIKURVXZ5K01XV6YAO","Answer a survey about how you engage with sports","Tell us about how you engage in sports as a fan","survey, sports, soccer, football, baseball, basketball, hockey, golf","$0.20","Sat Oct 07 14:46:47 PDT 2017","100","BatchId:2963798;OriginalHitTemplateId:920937332;","300","259200","Sat Oct 07 18:46:47 PDT 2017","","","3NL0RFNU0FMX4G47APL2ND2H3RLK4N","A1LFOS4GL90HWU","Submitted","Sat Oct 07 15:29:59 PDT 2017","Sat Oct 07 15:31:10 PDT 2017","Tue Oct 10 15:31:10 PDT 2017","","","","71","0% (0/0)","0% (0/0)","0% (0/0)","Yes|1-3|4-8|Car Racing|Hockey​|Network TV|Internet|Mobile|Live TV|VOD/Streaming|Mobile phone|Yes|Somewhat valuable|No|No"
"3HFWPF5AK8I7NK0HPIKJFA510H1S31","3EH3OJYIRZXOTIKURVXZ5K01XV6YAO","Answer a survey about how you engage with sports","Tell us about how you engage in sports as a fan","survey, sports, soccer, football, baseball, basketball, hockey, golf","$0.20","Sat Oct 07 14:46:47 PDT 2017","100","BatchId:2963798;OriginalHitTemplateId:920937332;","300","259200","Sat Oct 07 18:46:47 PDT 2017","","","3OHYZ19UGC4VWW53HINM7X5QF6ROAM","A14SEFVPXYZ9TN","Submitted","Sat Oct 07 15:42:28 PDT 2017","Sat Oct 07 15:43:25 PDT 2017","Tue Oct 10 15:43:25 PDT 2017","","","","57","0% (0/0)","0% (0/0)","0% (0/0)","Yes|4-8|9+|Baseball|Football|Cable TV|Network TV|Internet|Live TV|No|Not valuable at all|No|Yes"
"3HFWPF5AK8I7NK0HPIKJFA510H1S31","3EH3OJYIRZXOTIKURVXZ5K01XV6YAO","Answer a survey about how you engage with sports","Tell us about how you engage in sports as a fan","survey, sports, soccer, football, baseball, basketball, hockey, golf","$0.20","Sat Oct 07 14:46:47 PDT 2017","100","BatchId:2963798;OriginalHitTemplateId:920937332;","300","259200","Sat Oct 07 18:46:47 PDT 2017","","","3OJSZ2ATDSVR5K1N50F3O039X3E575","A3GXC3VG37CQ3G","Submitted","Sat Oct 07 14:53:57 PDT 2017","Sat Oct 07 14:54:49 PDT 2017","Tue Oct 10 14:54:49 PDT 2017","","","","52","0% (0/0)","0% (0/0)","0% (0/0)","No|0|9+|Baseball|Basketball|Football|Network TV|Internet|DVR/TiVo|Yes|Not valuable at all|Yes|Yes"
"3HFWPF5AK8I7NK0HPIKJFA510H1S31","3EH3OJYIRZXOTIKURVXZ5K01XV6YAO","Answer a survey about how you engage with sports","Tell us about how you engage in sports as a fan","survey, sports, soccer, football, baseball, basketball, hockey, golf","$0.20","Sat Oct 07 14:46:47 PDT 2017","100","BatchId:2963798;OriginalHitTemplateId:920937332;","300","259200","Sat Oct 07 18:46:47 PDT 2017","","","3ON104KXQKVOZGYOZ345BOWCQYU4W3","A1DOTIZI6S0VIJ","Submitted","Sat Oct 07 15:24:11 PDT 2017","Sat Oct 07 15:24:45 PDT 2017","Tue Oct 10 15:24:45 PDT 2017","","","","34","0% (0/0)","0% (0/0)","0% (0/0)","Yes|1-3|4-8|Football|Soccer|Cable TV|Network TV|Internet|Live TV|VOD/Streaming|No|Somewhat valuable|No|No"
"3HFWPF5AK8I7NK0HPIKJFA510H1S31","3EH3OJYIRZXOTIKURVXZ5K01XV6YAO","Answer a survey about how you engage with sports","Tell us about how you engage in sports as a fan","survey, sports, soccer, football, baseball, basketball, hockey, golf","$0.20","Sat Oct 07 14:46:47 PDT 2017","100","BatchId:2963798;OriginalHitTemplateId:920937332;","300","259200","Sat Oct 07 18:46:47 PDT 2017","","","3OS4RQUCR9E69TX2OT4SFEGI5NJFBK","A2EB40YCMLJNGP","Submitted","Sat Oct 07 14:55:50 PDT 2017","Sat Oct 07 14:56:40 PDT 2017","Tue Oct 10 14:56:40 PDT 2017","","","","50","0% (0/0)","0% (0/0)","0% (0/0)","Yes|0|1-3|Soccer|Other|Cable TV|Internet|VOD/Streaming|Mobile phone|Yes|Not valuable at all|No|No"
"3HFWPF5AK8I7NK0HPIKJFA510H1S31","3EH3OJYIRZXOTIKURVXZ5K01XV6YAO","Answer a survey about how you engage with sports","Tell us about how you engage in sports as a fan","survey, sports, soccer, football, baseball, basketball, hockey, golf","$0.20","Sat Oct 07 14:46:47 PDT 2017","100","BatchId:2963798;OriginalHitTemplateId:920937332;","300","259200","Sat Oct 07 18:46:47 PDT 2017","","","3Q5ZZ9ZEVOEV5Y66F57920Z48NK85V","A1Y2N49VMVJ7C6","Submitted","Sat Oct 07 14:56:26 PDT 2017","Sat Oct 07 14:56:52 PDT 2017","Tue Oct 10 14:56:52 PDT 2017","","","","26","0% (0/0)","0% (0/0)","0% (0/0)","Yes|1-3|1-3|Baseball|Basketball|Football|Cable TV|Internet|DVR/TiVo|VOD/Streaming|Mobile phone|Yes|Somewhat valuable|Yes|Yes"
"3HFWPF5AK8I7NK0HPIKJFA510H1S31","3EH3OJYIRZXOTIKURVXZ5K01XV6YAO","Answer a survey about how you engage with sports","Tell us about how you engage in sports as a fan","survey, sports, soccer, football, baseball, basketball, hockey, golf","$0.20","Sat Oct 07 14:46:47 PDT 2017","100","BatchId:2963798;OriginalHitTemplateId:920937332;","300","259200","Sat Oct 07 18:46:47 PDT 2017","","","3QILPRALQ5UZVNCCJ53VWHZQZ8M8NN","A2B1XOYMCLV465","Submitted","Sat Oct 07 15:19:34 PDT 2017","Sat Oct 07 15:20:19 PDT 2017","Tue Oct 10 15:20:19 PDT 2017","","","","45","0% (0/0)","0% (0/0)","0% (0/0)","Yes|4-8|9+|Baseball|Car Racing|Football|Cable TV|Internet|Mobile|Live TV|VOD/Streaming|Mobile phone|Yes|Somewhat valuable|No|Yes"
"3HFWPF5AK8I7NK0HPIKJFA510H1S31","3EH3OJYIRZXOTIKURVXZ5K01XV6YAO","Answer a survey about how you engage with sports","Tell us about how you engage in sports as a fan","survey, sports, soccer, football, baseball, basketball, hockey, golf","$0.20","Sat Oct 07 14:46:47 PDT 2017","100","BatchId:2963798;OriginalHitTemplateId:920937332;","300","259200","Sat Oct 07 18:46:47 PDT 2017","","","3R3YRB5GRF2Q91P0D4ZV63XFXSFUA5","A2M3LVBUZLN8MO","Submitted","Sat Oct 07 15:52:38 PDT 2017","Sat Oct 07 15:53:44 PDT 2017","Tue Oct 10 15:53:44 PDT 2017","","","","66","0% (0/0)","0% (0/0)","0% (0/0)","No|1-3|1-3|Basketball|Football|Cable TV|Internet|Mobile|Live TV|No|Somewhat valuable|Yes|No"
"3HFWPF5AK8I7NK0HPIKJFA510H1S31","3EH3OJYIRZXOTIKURVXZ5K01XV6YAO","Answer a survey about how you engage with sports","Tell us about how you engage in sports as a fan","survey, sports, soccer, football, baseball, basketball, hockey, golf","$0.20","Sat Oct 07 14:46:47 PDT 2017","100","BatchId:2963798;OriginalHitTemplateId:920937332;","300","259200","Sat Oct 07 18:46:47 PDT 2017","","","3R6P78PK7KACJFNEZZ1VXTMGC9KTGO","A1A6UVH1CCP8CD","Submitted","Sat Oct 07 15:17:59 PDT 2017","Sat Oct 07 15:19:17 PDT 2017","Tue Oct 10 15:19:17 PDT 2017","","","","78","0% (0/0)","0% (0/0)","0% (0/0)","Yes|1-3|4-8|Basketball|Network TV|Internet|Live TV|VOD/Streaming|Yes|Somewhat valuable|Yes|No"
"3HFWPF5AK8I7NK0HPIKJFA510H1S31","3EH3OJYIRZXOTIKURVXZ5K01XV6YAO","Answer a survey about how you engage with sports","Tell us about how you engage in sports as a fan","survey, sports, soccer, football, baseball, basketball, hockey, golf","$0.20","Sat Oct 07 14:46:47 PDT 2017","100","BatchId:2963798;OriginalHitTemplateId:920937332;","300","259200","Sat Oct 07 18:46:47 PDT 2017","","","3RGU30DZTA7IXMNVY8LM8SJ4AT4MJJ","ABZKFJ19BGY5R","Submitted","Sat Oct 07 14:48:52 PDT 2017","Sat Oct 07 14:49:52 PDT 2017","Tue Oct 10 14:49:52 PDT 2017","","","","60","0% (0/0)","0% (0/0)","0% (0/0)","Yes|1-3|1-3|Baseball|Car Racing|Golf|Cable TV|Network TV|Live TV|DVR/TiVo|No|Somewhat valuable|No|No"
"3HFWPF5AK8I7NK0HPIKJFA510H1S31","3EH3OJYIRZXOTIKURVXZ5K01XV6YAO","Answer a survey about how you engage with sports","Tell us about how you engage in sports as a fan","survey, sports, soccer, football, baseball, basketball, hockey, golf","$0.20","Sat Oct 07 14:46:47 PDT 2017","100","BatchId:2963798;OriginalHitTemplateId:920937332;","300","259200","Sat Oct 07 18:46:47 PDT 2017","","","3S4AW7T80BH8OMMPVPX32DFWSRO4L8","A1PD0NGV29HX0W","Submitted","Sat Oct 07 14:47:50 PDT 2017","Sat Oct 07 14:48:18 PDT 2017","Tue Oct 10 14:48:18 PDT 2017","","","","28","0% (0/0)","0% (0/0)","0% (0/0)","Yes|4-8|1-3|Baseball|Basketball|Network TV|DVR/TiVo|Yes|Very valuable|Yes|Yes"
"3HFWPF5AK8I7NK0HPIKJFA510H1S31","3EH3OJYIRZXOTIKURVXZ5K01XV6YAO","Answer a survey about how you engage with sports","Tell us about how you engage in sports as a fan","survey, sports, soccer, football, baseball, basketball, hockey, golf","$0.20","Sat Oct 07 14:46:47 PDT 2017","100","BatchId:2963798;OriginalHitTemplateId:920937332;","300","259200","Sat Oct 07 18:46:47 PDT 2017","","","3SEPORI8WNY7V0JAJRY3NVCUZASAZ8","AQK264KI4XVXV","Submitted","Sat Oct 07 15:03:37 PDT 2017","Sat Oct 07 15:05:24 PDT 2017","Tue Oct 10 15:05:24 PDT 2017","","","","107","0% (0/0)","0% (0/0)","0% (0/0)","No|0|0|Other|Cable TV|Live TV|No|Not valuable at all|No|No"
"3HFWPF5AK8I7NK0HPIKJFA510H1S31","3EH3OJYIRZXOTIKURVXZ5K01XV6YAO","Answer a survey about how you engage with sports","Tell us about how you engage in sports as a fan","survey, sports, soccer, football, baseball, basketball, hockey, golf","$0.20","Sat Oct 07 14:46:47 PDT 2017","100","BatchId:2963798;OriginalHitTemplateId:920937332;","300","259200","Sat Oct 07 18:46:47 PDT 2017","","","3SNLUL3WO4M75KG4AVOLFHDQR4CULL","A36JTIZPOO2HO5","Submitted","Sat Oct 07 14:57:58 PDT 2017","Sat Oct 07 14:59:06 PDT 2017","Tue Oct 10 14:59:06 PDT 2017","","","","68","0% (0/0)","0% (0/0)","0% (0/0)","Yes|4-8|9+|Football|Network TV|Internet|Mobile|Live TV|Mobile phone|Yes|Somewhat valuable|No|Yes"
"3HFWPF5AK8I7NK0HPIKJFA510H1S31","3EH3OJYIRZXOTIKURVXZ5K01XV6YAO","Answer a survey about how you engage with sports","Tell us about how you engage in sports as a fan","survey, sports, soccer, football, baseball, basketball, hockey, golf","$0.20","Sat Oct 07 14:46:47 PDT 2017","100","BatchId:2963798;OriginalHitTemplateId:920937332;","300","259200","Sat Oct 07 18:46:47 PDT 2017","","","3SNLUL3WO4M75KG4AVOLFHDQR4FULO","A3I6Q4HOZ7TOFX","Submitted","Sat Oct 07 16:29:22 PDT 2017","Sat Oct 07 16:30:06 PDT 2017","Tue Oct 10 16:30:06 PDT 2017","","","","44","0% (0/0)","0% (0/0)","0% (0/0)","No|1-3|1-3|Hockey​|Cable TV|Mobile|Live TV|Yes|Somewhat valuable|No|No"
"3HFWPF5AK8I7NK0HPIKJFA510H1S31","3EH3OJYIRZXOTIKURVXZ5K01XV6YAO","Answer a survey about how you engage with sports","Tell us about how you engage in sports as a fan","survey, sports, soccer, football, baseball, basketball, hockey, golf","$0.20","Sat Oct 07 14:46:47 PDT 2017","100","BatchId:2963798;OriginalHitTemplateId:920937332;","300","259200","Sat Oct 07 18:46:47 PDT 2017","","","3SNVL38CI4R0ZKHM34RK6BE5V43CKT","A5HJZK3UGZ66A","Submitted","Sat Oct 07 16:03:32 PDT 2017","Sat Oct 07 16:05:23 PDT 2017","Tue Oct 10 16:05:23 PDT 2017","","","","111","0% (0/0)","0% (0/0)","0% (0/0)","Yes|1-3|1-3|Soccer|Cable TV|Live TV|Yes|Not valuable at all|No|Yes"
"3HFWPF5AK8I7NK0HPIKJFA510H1S31","3EH3OJYIRZXOTIKURVXZ5K01XV6YAO","Answer a survey about how you engage with sports","Tell us about how you engage in sports as a fan","survey, sports, soccer, football, baseball, basketball, hockey, golf","$0.20","Sat Oct 07 14:46:47 PDT 2017","100","BatchId:2963798;OriginalHitTemplateId:920937332;","300","259200","Sat Oct 07 18:46:47 PDT 2017","","","3STRJBFXOWQHL1JXPQMAVLE9JQ2KTJ","AYHNP14AUA4TS","Submitted","Sat Oct 07 15:35:05 PDT 2017","Sat Oct 07 15:35:52 PDT 2017","Tue Oct 10 15:35:52 PDT 2017","","","","47","0% (0/0)","0% (0/0)","0% (0/0)","4-8|9+|9+|Baseball|Cable TV|Internet|Live TV|VOD/Streaming|Yes|Very valuable|Yes|Yes"
"3HFWPF5AK8I7NK0HPIKJFA510H1S31","3EH3OJYIRZXOTIKURVXZ5K01XV6YAO","Answer a survey about how you engage with sports","Tell us about how you engage in sports as a fan","survey, sports, soccer, football, baseball, basketball, hockey, golf","$0.20","Sat Oct 07 14:46:47 PDT 2017","100","BatchId:2963798;OriginalHitTemplateId:920937332;","300","259200","Sat Oct 07 18:46:47 PDT 2017","","","3TMFV4NEP8DPIHLQB6UIS0CHSKQW82","A37FVCKAUOBI15","Submitted","Sat Oct 07 15:48:18 PDT 2017","Sat Oct 07 15:49:19 PDT 2017","Tue Oct 10 15:49:19 PDT 2017","","","","61","0% (0/0)","0% (0/0)","0% (0/0)","Yes|1-3|Basketball|Football|Hockey​|Cable TV|Internet|Live TV|Yes|Very valuable|Yes|Yes"
"3HFWPF5AK8I7NK0HPIKJFA510H1S31","3EH3OJYIRZXOTIKURVXZ5K01XV6YAO","Answer a survey about how you engage with sports","Tell us about how you engage in sports as a fan","survey, sports, soccer, football, baseball, basketball, hockey, golf","$0.20","Sat Oct 07 14:46:47 PDT 2017","100","BatchId:2963798;OriginalHitTemplateId:920937332;","300","259200","Sat Oct 07 18:46:47 PDT 2017","","","3TMFV4NEP8DPIHLQB6UIS0CHSKS8WG","A3ABW7XXYDK1PJ","Submitted","Sat Oct 07 16:25:10 PDT 2017","Sat Oct 07 16:26:13 PDT 2017","Tue Oct 10 16:26:13 PDT 2017","","","","63","0% (0/0)","0% (0/0)","0% (0/0)","Yes|4-8|4-8|Baseball|Network TV|Live TV|No|Somewhat valuable|No|No"
"3HFWPF5AK8I7NK0HPIKJFA510H1S31","3EH3OJYIRZXOTIKURVXZ5K01XV6YAO","Answer a survey about how you engage with sports","Tell us about how you engage in sports as a fan","survey, sports, soccer, football, baseball, basketball, hockey, golf","$0.20","Sat Oct 07 14:46:47 PDT 2017","100","BatchId:2963798;OriginalHitTemplateId:920937332;","300","259200","Sat Oct 07 18:46:47 PDT 2017","","","3TR2532VIPTG8J23BSE5JWMIKTPJ66","AXRHEJ3POWHEQ","Submitted","Sat Oct 07 15:02:56 PDT 2017","Sat Oct 07 15:04:16 PDT 2017","Tue Oct 10 15:04:16 PDT 2017","","","","80","0% (0/0)","0% (0/0)","0% (0/0)","Yes|4-8|9+|Baseball|Basketball|Golf|Cable TV|Network TV|Mobile|Live TV|DVR/TiVo|Mobile phone|Yes|Somewhat valuable|Yes|No"
"3HFWPF5AK8I7NK0HPIKJFA510H1S31","3EH3OJYIRZXOTIKURVXZ5K01XV6YAO","Answer a survey about how you engage with sports","Tell us about how you engage in sports as a fan","survey, sports, soccer, football, baseball, basketball, hockey, golf","$0.20","Sat Oct 07 14:46:47 PDT 2017","100","BatchId:2963798;OriginalHitTemplateId:920937332;","300","259200","Sat Oct 07 18:46:47 PDT 2017","","","3TXMY6UCAENMANFHG9BH2XQEUASQCW","A1YBX7P5PY8LL","Submitted","Sat Oct 07 14:57:58 PDT 2017","Sat Oct 07 14:58:50 PDT 2017","Tue Oct 10 14:58:50 PDT 2017","","","","52","0% (0/0)","0% (0/0)","0% (0/0)","Yes|4-8|9+|Baseball|Basketball|Football|Golf|Cable TV|Network TV|Internet|Mobile|Live TV|Yes|Somewhat valuable|No|Yes"
"3HFWPF5AK8I7NK0HPIKJFA510H1S31","3EH3OJYIRZXOTIKURVXZ5K01XV6YAO","Answer a survey about how you engage with sports","Tell us about how you engage in sports as a fan","survey, sports, soccer, football, baseball, basketball, hockey, golf","$0.20","Sat Oct 07 14:46:47 PDT 2017","100","BatchId:2963798;OriginalHitTemplateId:920937332;","300","259200","Sat Oct 07 18:46:47 PDT 2017","","","3TXWC2NHNZPWP5NRWTQVV7476DA9SN","A2M5YIOR0MJUSA","Submitted","Sat Oct 07 14:48:22 PDT 2017","Sat Oct 07 14:48:53 PDT 2017","Tue Oct 10 14:48:53 PDT 2017","","","","31","0% (0/0)","0% (0/0)","0% (0/0)","Yes|1-3|4-8|Football|Cable TV|DVR/TiVo|Yes|Somewhat valuable|Yes|Yes"
"3HFWPF5AK8I7NK0HPIKJFA510H1S31","3EH3OJYIRZXOTIKURVXZ5K01XV6YAO","Answer a survey about how you engage with sports","Tell us about how you engage in sports as a fan","survey, sports, soccer, football, baseball, basketball, hockey, golf","$0.20","Sat Oct 07 14:46:47 PDT 2017","100","BatchId:2963798;OriginalHitTemplateId:920937332;","300","259200","Sat Oct 07 18:46:47 PDT 2017","","","3U5JL4WY5K83OG3E980RD7AJZ004XW","A2FQGKQRUNSUV9","Submitted","Sat Oct 07 15:24:16 PDT 2017","Sat Oct 07 15:25:48 PDT 2017","Tue Oct 10 15:25:48 PDT 2017","","","","92","0% (0/0)","0% (0/0)","0% (0/0)","Yes|1-3|4-8|Football|Other|Cable TV|Network TV|Internet|Live TV|VOD/Streaming|Yes|Very valuable|Yes|No"
"3HFWPF5AK8I7NK0HPIKJFA510H1S31","3EH3OJYIRZXOTIKURVXZ5K01XV6YAO","Answer a survey about how you engage with sports","Tell us about how you engage in sports as a fan","survey, sports, soccer, football, baseball, basketball, hockey, golf","$0.20","Sat Oct 07 14:46:47 PDT 2017","100","BatchId:2963798;OriginalHitTemplateId:920937332;","300","259200","Sat Oct 07 18:46:47 PDT 2017","","","3UN61F00HWO1N3L2EED9THU9YFBR5T","A1S6BP97XORRKU","Submitted","Sat Oct 07 16:17:51 PDT 2017","Sat Oct 07 16:18:55 PDT 2017","Tue Oct 10 16:18:55 PDT 2017","","","","64","0% (0/0)","0% (0/0)","0% (0/0)","No|1-3|4-8|Baseball|Basketball|Football|Other|Cable TV|Network TV|Internet|Live TV|VOD/Streaming|Yes|Very valuable|Yes|Yes"
"3HFWPF5AK8I7NK0HPIKJFA510H1S31","3EH3OJYIRZXOTIKURVXZ5K01XV6YAO","Answer a survey about how you engage with sports","Tell us about how you engage in sports as a fan","survey, sports, soccer, football, baseball, basketball, hockey, golf","$0.20","Sat Oct 07 14:46:47 PDT 2017","100","BatchId:2963798;OriginalHitTemplateId:920937332;","300","259200","Sat Oct 07 18:46:47 PDT 2017","","","3WOKGM4L71FZVJ7LPGQTIRTD6KG0O8","A1SM0IKQ4OTSCI","Submitted","Sat Oct 07 15:42:59 PDT 2017","Sat Oct 07 15:44:22 PDT 2017","Tue Oct 10 15:44:22 PDT 2017","","","","83","0% (0/0)","0% (0/0)","0% (0/0)","Yes|4-8|4-8|Basketball|Football|Other|Network TV|Internet|Live TV|VOD/Streaming|Yes|Somewhat valuable|Yes|No"
"3HFWPF5AK8I7NK0HPIKJFA510H1S31","3EH3OJYIRZXOTIKURVXZ5K01XV6YAO","Answer a survey about how you engage with sports","Tell us about how you engage in sports as a fan","survey, sports, soccer, football, baseball, basketball, hockey, golf","$0.20","Sat Oct 07 14:46:47 PDT 2017","100","BatchId:2963798;OriginalHitTemplateId:920937332;","300","259200","Sat Oct 07 18:46:47 PDT 2017","","","3WYGZ5XF3WEG616I0QHKLGINH7MKSS","AVP9270HQQQG5","Submitted","Sat Oct 07 14:55:30 PDT 2017","Sat Oct 07 14:56:24 PDT 2017","Tue Oct 10 14:56:24 PDT 2017","","","","54","0% (0/0)","0% (0/0)","0% (0/0)","Yes|1-3|4-8|Football|Network TV|Live TV|Yes|Somewhat valuable|No|Yes"
"3HFWPF5AK8I7NK0HPIKJFA510H1S31","3EH3OJYIRZXOTIKURVXZ5K01XV6YAO","Answer a survey about how you engage with sports","Tell us about how you engage in sports as a fan","survey, sports, soccer, football, baseball, basketball, hockey, golf","$0.20","Sat Oct 07 14:46:47 PDT 2017","100","BatchId:2963798;OriginalHitTemplateId:920937332;","300","259200","Sat Oct 07 18:46:47 PDT 2017","","","3WYGZ5XF3WEG616I0QHKLGINH7OKSU","A2RBUJHAHHZBD4","Submitted","Sat Oct 07 15:34:47 PDT 2017","Sat Oct 07 15:36:20 PDT 2017","Tue Oct 10 15:36:20 PDT 2017","","","","93","0% (0/0)","0% (0/0)","0% (0/0)","Yes|4-8|4-8|Baseball|Football|Other|Cable TV|Internet|Live TV|VOD/Streaming|Yes|Somewhat valuable|No|Yes"
"3HFWPF5AK8I7NK0HPIKJFA510H1S31","3EH3OJYIRZXOTIKURVXZ5K01XV6YAO","Answer a survey about how you engage with sports","Tell us about how you engage in sports as a fan","survey, sports, soccer, football, baseball, basketball, hockey, golf","$0.20","Sat Oct 07 14:46:47 PDT 2017","100","BatchId:2963798;OriginalHitTemplateId:920937332;","300","259200","Sat Oct 07 18:46:47 PDT 2017","","","3X1FV8S5JXQRW7R34U1AYBA19UZVG5","A1TQ7UQSSQP7BD","Submitted","Sat Oct 07 15:03:52 PDT 2017","Sat Oct 07 15:04:40 PDT 2017","Tue Oct 10 15:04:40 PDT 2017","","","","48","0% (0/0)","0% (0/0)","0% (0/0)","Yes|0|1-3|4-8|9+|1-3|Football|Cable TV|Network TV|Mobile|Live TV|DVR/TiVo|Yes|Somewhat valuable|Yes|Yes"
"3HFWPF5AK8I7NK0HPIKJFA510H1S31","3EH3OJYIRZXOTIKURVXZ5K01XV6YAO","Answer a survey about how you engage with sports","Tell us about how you engage in sports as a fan","survey, sports, soccer, football, baseball, basketball, hockey, golf","$0.20","Sat Oct 07 14:46:47 PDT 2017","100","BatchId:2963798;OriginalHitTemplateId:920937332;","300","259200","Sat Oct 07 18:46:47 PDT 2017","","","3X31TUMD7XLRWNP687E14F8TG7I1LW","A3GHT8WG8U525J","Submitted","Sat Oct 07 16:25:56 PDT 2017","Sat Oct 07 16:26:38 PDT 2017","Tue Oct 10 16:26:38 PDT 2017","","","","42","0% (0/0)","0% (0/0)","0% (0/0)","Yes|4-8|9+|Football|Network TV|Internet|Live TV|Yes|Somewhat valuable|Yes|No"
"3HFWPF5AK8I7NK0HPIKJFA510H1S31","3EH3OJYIRZXOTIKURVXZ5K01XV6YAO","Answer a survey about how you engage with sports","Tell us about how you engage in sports as a fan","survey, sports, soccer, football, baseball, basketball, hockey, golf","$0.20","Sat Oct 07 14:46:47 PDT 2017","100","BatchId:2963798;OriginalHitTemplateId:920937332;","300","259200","Sat Oct 07 18:46:47 PDT 2017","","","3YT88D1N08XCMKL3ABGJD8ABPRP3KL","A2GTY8GLAYN9BU","Submitted","Sat Oct 07 15:16:49 PDT 2017","Sat Oct 07 15:17:43 PDT 2017","Tue Oct 10 15:17:43 PDT 2017","","","","54","0% (0/0)","0% (0/0)","0% (0/0)","Yes|9+|4-8|Other|Cable TV|Live TV|Yes|Very valuable|Yes|Yes"
"3HFWPF5AK8I7NK0HPIKJFA510H1S31","3EH3OJYIRZXOTIKURVXZ5K01XV6YAO","Answer a survey about how you engage with sports","Tell us about how you engage in sports as a fan","survey, sports, soccer, football, baseball, basketball, hockey, golf","$0.20","Sat Oct 07 14:46:47 PDT 2017","100","BatchId:2963798;OriginalHitTemplateId:920937332;","300","259200","Sat Oct 07 18:46:47 PDT 2017","","","3Z2R0DQ0JHDKF2XAAPRBW3SEZGV2ER","A18HC62T1SROBJ","Submitted","Sat Oct 07 16:30:53 PDT 2017","Sat Oct 07 16:31:43 PDT 2017","Tue Oct 10 16:31:43 PDT 2017","","","","50","0% (0/0)","0% (0/0)","0% (0/0)","Yes|4-8|1-3|Car Racing|Football|Soccer|Cable TV|Internet|Live TV|VOD/Streaming|Yes|Very valuable|Yes|No"
"3HFWPF5AK8I7NK0HPIKJFA510H1S31","3EH3OJYIRZXOTIKURVXZ5K01XV6YAO","Answer a survey about how you engage with sports","Tell us about how you engage in sports as a fan","survey, sports, soccer, football, baseball, basketball, hockey, golf","$0.20","Sat Oct 07 14:46:47 PDT 2017","100","BatchId:2963798;OriginalHitTemplateId:920937332;","300","259200","Sat Oct 07 18:46:47 PDT 2017","","","3Z4GS9HPNV96SOF6TTU0MKH5O9977M","A32Y9JC775LYLV","Submitted","Sat Oct 07 14:49:09 PDT 2017","Sat Oct 07 14:50:02 PDT 2017","Tue Oct 10 14:50:02 PDT 2017","","","","53","0% (0/0)","0% (0/0)","0% (0/0)","Yes|1-3|1-3|Basketball|Cable TV|Live TV|Yes|Very valuable|Yes|Yes"
"3HFWPF5AK8I7NK0HPIKJFA510H1S31","3EH3OJYIRZXOTIKURVXZ5K01XV6YAO","Answer a survey about how you engage with sports","Tell us about how you engage in sports as a fan","survey, sports, soccer, football, baseball, basketball, hockey, golf","$0.20","Sat Oct 07 14:46:47 PDT 2017","100","BatchId:2963798;OriginalHitTemplateId:920937332;","300","259200","Sat Oct 07 18:46:47 PDT 2017","","","3Z9WI9EOZZNRGSS2PW5LH2BL8W7KH9","A2RHJT0OMA09YH","Submitted","Sat Oct 07 15:33:09 PDT 2017","Sat Oct 07 15:36:41 PDT 2017","Tue Oct 10 15:36:41 PDT 2017","","","","212","0% (0/0)","0% (0/0)","0% (0/0)","Yes|4-8|1-3|Baseball|Basketball|Football|Cable TV|Network TV|VOD/Streaming|No|Not valuable at all|Yes|No"
"3HFWPF5AK8I7NK0HPIKJFA510H1S31","3EH3OJYIRZXOTIKURVXZ5K01XV6YAO","Answer a survey about how you engage with sports","Tell us about how you engage in sports as a fan","survey, sports, soccer, football, baseball, basketball, hockey, golf","$0.20","Sat Oct 07 14:46:47 PDT 2017","100","BatchId:2963798;OriginalHitTemplateId:920937332;","300","259200","Sat Oct 07 18:46:47 PDT 2017","","","3ZPPDN2SLVVVFMI9VY6Q6Q0S5M39EO","A6A5CPOIDH9LJ","Submitted","Sat Oct 07 15:22:41 PDT 2017","Sat Oct 07 15:23:39 PDT 2017","Tue Oct 10 15:23:39 PDT 2017","","","","58","0% (0/0)","0% (0/0)","0% (0/0)","Yes|1-3|1-3|Basketball|Cable TV|Internet|Live TV|Yes|Not valuable at all|No|No"
"3HFWPF5AK8I7NK0HPIKJFA510H1S31","3EH3OJYIRZXOTIKURVXZ5K01XV6YAO","Answer a survey about how you engage with sports","Tell us about how you engage in sports as a fan","survey, sports, soccer, football, baseball, basketball, hockey, golf","$0.20","Sat Oct 07 14:46:47 PDT 2017","100","BatchId:2963798;OriginalHitTemplateId:920937332;","300","259200","Sat Oct 07 18:46:47 PDT 2017","","","3ZQIG0FLQEFNTTH3JZ5SKEWP3IQWV6","A248BJFNAGMMBH","Submitted","Sat Oct 07 15:23:24 PDT 2017","Sat Oct 07 15:24:35 PDT 2017","Tue Oct 10 15:24:35 PDT 2017","","","","71","0% (0/0)","0% (0/0)","0% (0/0)","Yes|4-8|9+|Baseball|Basketball|Car Racing|Football|Hockey​|Cable TV|Network TV|Internet|Live TV|Yes|Somewhat valuable|No|No"
"3HFWPF5AK8I7NK0HPIKJFA510H1S31","3EH3OJYIRZXOTIKURVXZ5K01XV6YAO","Answer a survey about how you engage with sports","Tell us about how you engage in sports as a fan","survey, sports, soccer, football, baseball, basketball, hockey, golf","$0.20","Sat Oct 07 14:46:47 PDT 2017","100","BatchId:2963798;OriginalHitTemplateId:920937332;","300","259200","Sat Oct 07 18:46:47 PDT 2017","","","3ZSY5X72NXANVDRKJT982NU0FAEORT","A1SZGU6RV30TOI","Submitted","Sat Oct 07 15:18:25 PDT 2017","Sat Oct 07 15:19:45 PDT 2017","Tue Oct 10 15:19:45 PDT 2017","","","","80","0% (0/0)","0% (0/0)","0% (0/0)","Yes|4-8|9+|Basketball|Football|Soccer|Cable TV|Internet|Mobile|Live TV|Mobile phone|Yes|Somewhat valuable|Yes|Yes"